"sex","comp"
"m","11,821023"
"m","12.0740180225807"
"m","11,245651"
"m","12.8533730763204"
"m","13.1582743534299"
"m","14.813242343574"
"m","12,717129"
"m","13.0903020953196"
"m","11,696230"
"m","14.4333442039109"
"f","7.4563365648006"
"f","8.27249609717801"
"f","10.9629539402664"
"f","8,395969"
"f","9.49022712012746"
"f","7.92170627301142"
"f","7,937529"
"f","8.57120387038059"
"f","7.54807340528555"
"f","7.38993883419589"
